"","Value","Std.Error","DF","t-value","p-value"
"(Intercept)",0.0519134944824573,0.0263666279596647,1916,1.96890912868623,0.0491074484235906
"instruction1",0.0698828698534164,0.0218003026826893,1916,3.20559172368316,0.00137004468208872
"valence1",0.0644799513864584,0.0218003026826894,1916,2.95775486813121,0.00313682325526718
"PPI_SCI_z",0.00659881132053669,0.0262366618305344,29,0.251511086401127,0.803192767474287
"instruction1:valence1",0.116468260291187,0.0436006053653786,1916,2.67125328456264,0.00762082176724715
"instruction1:PPI_SCI_z",0.00271769502624229,0.0218058889230584,1916,0.12463124231402,0.900828567303057
"valence1:PPI_SCI_z",0.0140091539318679,0.0218058889230583,1916,0.642448192839053,0.520659080340892
