"","Value","Std.Error","DF","t-value","p-value"
"(Intercept)",-0.0234796329096776,0.0343983558710487,1721,-0.682580091842099,0.494964080838224
"StimulusAngry",0.0350878463969843,0.03128426093925,1721,1.12158143883023,0.262196912132357
"StimulusHappy",0.129697834369953,0.0312842609392497,1721,4.14578546770885,3.55124764538277e-05
"TreatmentOxazepam",-0.025274255730177,0.0389312525200347,71,-0.649202224284216,0.518302311693149
"Wave2",-0.037913690760351,0.0312335711485752,71,-1.21387626730223,0.22881742961886
"StimulusAngry:TreatmentOxazepam",-0.0635633938165404,0.0415722642464594,1721,-1.52898561020654,0.12645177941546
"StimulusHappy:TreatmentOxazepam",0.00939687569325885,0.041558710756379,1721,0.226110856718925,0.82114205058542
