"","Value","Std.Error","DF","t-value","p-value"
"(Intercept)",0.101702060402013,0.0701476355630463,1123,1.44982877306829,0.147385482348924
"StimulusHappy",0.0946099879729705,0.0333000081085341,1123,2.84114008815283,0.00457649795122387
"TreatmentOxazepam",-0.0926410075163134,0.0439613656509415,71,-2.10732778985744,0.0386221779612623
"Wave",-0.0663204810917907,0.0388698401931509,71,-1.70621954611166,0.0923381607148945
"StimulusHappy:TreatmentOxazepam",0.0729091477658261,0.0442510333824536,1123,1.64762587882831,0.0997092103870173
